Symbol,Side,Type,Quantity,Limit price,Stop price,Fill price,Status,Commission,Placing time,Closing time,Order ID,Level ID,Leverage,Margin
CME_MINI:MNQ1!,Sell,Market,25,,,29156,Filled,,2026-08-26 08:21:22,2026-08-26 08:21:22,3452536150,,20x,"72,890.00 USD"
CME_MINI:MNQ1!,Buy,Market,25,,,29203.25,Filled,,2026-08-26 07:03:37,2026-08-26 07:03:37,3452150791,,20x,"73,008.13 USD"
CME_MINI:MNQ1!,Sell,Market,25,,,29207.25,Filled,,2026-08-26 07:03:33,2026-08-26 07:03:33,3452150492,,20x,"73,018.13 USD"
CME_MINI:MNQ1!,Sell,Market,25,,,29226.75,Filled,,2026-08-25 09:48:10,2026-08-25 09:48:10,3448182292,,20x,"73,066.88 USD"
CME_MINI:MNQ1!,Buy,Market,25,,,29222,Filled,,2026-08-25 09:47:44,2026-08-25 09:47:44,3448178992,,20x,"73,055.00 USD"
CME_MINI:MNQ1!,Sell,Market,25,,,29386.75,Filled,,2026-08-21 12:26:13,2026-08-21 12:26:13,3434299028,,20x,"73,466.88 USD"
CME_MINI:MNQ1!,Buy,Market,25,,,29384.75,Filled,,2026-08-21 12:25:20,2026-08-21 12:25:20,3434295680,,20x,"73,461.88 USD"
CME_MINI:MNQ1!,Sell,Limit,30,29488.25,,29489.5,Filled,,2026-08-20 08:45:44,2026-08-21 04:52:04,3427621404,,,
CME_MINI:MNQ1!,Buy,Market,15,,,29422.25,Filled,,2026-08-20 08:45:39,2026-08-20 08:45:39,3427620431,,20x,"44,133.38 USD"
CME_MINI:MNQ1!,Buy,Market,15,,,29421.25,Filled,,2026-08-20 08:45:27,2026-08-20 08:45:27,3427618087,,20x,"44,131.88 USD"
CME_MINI:MNQ1!,Sell,Stop,15,,29290.25,,Cancelled,,2026-08-20 08:11:58,2026-08-20 08:11:59,3427341854,,,
CME_MINI:MNQ1!,Sell,Limit,15,29380.5,,29381.5,Filled,,2026-08-20 08:07:33,2026-08-20 08:30:15,3427318916,,,
CME_MINI:MNQ1!,Buy,Market,15,,,29363,Filled,,2026-08-20 08:07:30,2026-08-20 08:07:30,3427318700,,20x,"44,044.50 USD"
CME_MINI:MNQ1!,Sell,Stop,15,,29362.25,29361.25,Filled,,2026-08-20 06:56:13,2026-08-20 06:56:22,3426973571,,,
CME_MINI:MNQ1!,Sell,Limit,15,29409.25,,,Cancelled,,2026-08-20 06:51:11,2026-08-20 06:56:22,3426952650,,,
CME_MINI:MNQ1!,Buy,Market,15,,,29395.75,Filled,,2026-08-20 06:50:56,2026-08-20 06:50:56,3426951506,,20x,"44,093.63 USD"
CME_MINI:MNQ1!,Buy,Limit,25,29477.75,,29477,Filled,,2026-08-20 06:06:05,2026-08-20 06:13:19,3426786051,,,
CME_MINI:MNQ1!,Sell,Market,25,,,29495.75,Filled,,2026-08-20 06:05:47,2026-08-20 06:05:47,3426784866,,20x,"73,739.38 USD"
CME_MINI:MNQ1!,Buy,Market,25,,,29461.75,Filled,,2026-08-19 09:04:04,2026-08-19 09:04:04,3422423966,,20x,"73,654.38 USD"
CME_MINI:MNQ1!,Sell,Market,25,,,29464.75,Filled,,2026-08-19 09:03:52,2026-08-19 09:03:52,3422422275,,20x,"73,661.88 USD"
CME_MINI:MNQ1!,Buy,Stop,25,,29480.5,29479.5,Filled,,2026-08-19 09:01:01,2026-08-19 09:01:17,3422394359,,,
CME_MINI:MNQ1!,Buy,Limit,25,29459.25,,,Cancelled,,2026-08-19 09:00:50,2026-08-19 09:01:17,3422392272,,,
CME_MINI:MNQ1!,Sell,Market,25,,,,Rejected,,2026-08-19 09:00:21,2026-08-19 09:00:21,3422386424,,20x,
CME_MINI:MNQ1!,Sell,Market,25,,,29500.5,Filled,,2026-08-19 09:00:11,2026-08-19 09:00:11,3422384704,,20x,"73,751.25 USD"
CME_MINI:MNQ1!,Sell,Limit,25,29562.25,,29562.5,Filled,,2026-08-19 06:10:59,2026-08-19 07:19:12,3421356279,,,
CME_MINI:MNQ1!,Buy,Market,25,,,29551,Filled,,2026-08-19 06:10:49,2026-08-19 06:10:49,3421355532,,20x,"73,877.50 USD"
CME_MINI:MNQ1!,Sell,Limit,25,29599.75,,29600.25,Filled,,2026-08-18 20:25:38,2026-08-18 20:29:31,3419800802,,,
CME_MINI:MNQ1!,Buy,Market,25,,,29587.5,Filled,,2026-08-18 20:25:30,2026-08-18 20:25:30,3419800388,,20x,"73,968.75 USD"
CME_MINI:MNQ1!,Buy,Stop,25,,29730,,Cancelled,,2026-08-18 08:48:10,2026-08-18 08:51:25,3417238793,,,
CME_MINI:MNQ1!,Buy,Limit,25,29644,,29643.75,Filled,,2026-08-18 08:46:04,2026-08-18 08:51:25,3417211790,,,
CME_MINI:MNQ1!,Sell,Market,25,,,,Rejected,,2026-08-18 08:45:16,2026-08-18 08:45:16,3417202386,,20x,
CME_MINI:MNQ1!,Sell,Market,25,,,29673,Filled,,2026-08-18 08:45:08,2026-08-18 08:45:08,3417200577,,20x,"74,182.50 USD"
CME_MINI:MNQ1!,Buy,Stop,25,,29708.25,29705.75,Filled,,2026-08-18 08:28:45,2026-08-18 08:30:44,3416985373,,,
CME_MINI:MNQ1!,Buy,Stop,25,,29762,,Cancelled,,2026-08-18 08:28:24,2026-08-18 08:28:26,3416983418,,,
CME_MINI:MNQ1!,Buy,Limit,25,29636,,,Cancelled,,2026-08-18 07:53:34,2026-08-18 08:30:44,3416843112,,,
CME_MINI:MNQ1!,Sell,Market,25,,,29718.5,Filled,,2026-08-18 07:53:24,2026-08-18 07:53:24,3416842587,,20x,"74,296.25 USD"
CME_MINI:MNQ1!,Sell,Market,25,,,29717.5,Filled,,2026-08-18 07:53:16,2026-08-18 07:53:17,3416842208,,20x,"74,293.75 USD"
CME_MINI:MNQ1!,Sell,Limit,25,29806.75,,,Cancelled,,2026-08-18 06:17:32,2026-08-18 07:53:16,3416539113,,,
CME_MINI:MNQ1!,Buy,Market,25,,,29767.25,Filled,,2026-08-18 06:17:29,2026-08-18 06:17:29,3416538945,,20x,"74,418.13 USD"
CME_MINI:MNQ1!,Buy,Market,25,,,29930.75,Filled,,2026-08-17 21:41:54,2026-08-17 21:41:54,3415299052,,20x,"74,826.88 USD"
CME_MINI:MNQ1!,Sell,Market,25,,,29940.75,Filled,,2026-08-17 21:40:58,2026-08-17 21:40:58,3415296463,,20x,"74,851.88 USD"
CME_MINI:MNQ1!,Buy,Stop,25,,30110.5,,Cancelled,,2026-08-14 10:29:15,2026-08-14 11:37:55,3406422481,,,
CME_MINI:MNQ1!,Buy,Limit,25,29989.5,,29976.75,Filled,,2026-08-14 10:28:53,2026-08-17 20:53:20,3406420433,,,
CME_MINI:MNQ1!,Sell,Market,25,,,30053.75,Filled,,2026-08-14 10:28:41,2026-08-14 10:28:41,3406419386,,20x,"75,134.38 USD"
CME_MINI:MNQ1!,Buy,Stop,25,,30274.5,,Cancelled,,2026-08-14 07:18:17,2026-08-14 09:19:31,3405227859,,,
CME_MINI:MNQ1!,Buy,Limit,25,30170,,30170,Filled,,2026-08-14 07:18:06,2026-08-14 09:19:31,3405227291,,,
CME_MINI:MNQ1!,Sell,Market,25,,,30231.25,Filled,,2026-08-14 07:17:51,2026-08-14 07:17:51,3405226588,,20x,"75,578.13 USD"
CME_MINI:MNQ1!,Buy,Stop,25,,30233.25,30234.75,Filled,,2026-08-13 22:56:15,2026-08-14 03:05:40,3404023630,,,
CME_MINI:MNQ1!,Buy,Limit,25,30075.5,,,Cancelled,,2026-08-13 22:35:58,2026-08-14 03:05:40,3403980537,,,
CME_MINI:MNQ1!,Sell,Market,25,,,30162.75,Filled,,2026-08-13 22:35:51,2026-08-13 22:35:51,3403980262,,20x,"75,406.88 USD"
CME_MINI:MNQ1!,Buy,Limit,25,29825.75,,29825.75,Filled,,2026-08-13 07:07:00,2026-08-13 07:18:19,3400734782,,,
CME_MINI:MNQ1!,Sell,Market,25,,,29846.25,Filled,,2026-08-13 07:06:52,2026-08-13 07:06:52,3400734314,,20x,"74,615.63 USD"
CME_MINI:MNQ1!,Buy,Stop,25,,29906.75,,Cancelled,,2026-08-12 09:43:55,2026-08-12 09:51:23,3397266780,,,
CME_MINI:MNQ1!,Buy,Limit,25,29867,,29866.5,Filled,,2026-08-12 09:42:22,2026-08-12 09:51:23,3397257256,,,
CME_MINI:MNQ1!,Sell,Market,25,,,29909,Filled,,2026-08-12 09:42:19,2026-08-12 09:42:19,3397256953,,20x,"74,772.50 USD"
CME_MINI:MNQ1!,Sell,Market,25,,,29839,Filled,,2026-08-12 07:06:04,2026-08-12 07:06:04,3396103123,,20x,"74,597.50 USD"
CME_MINI:MNQ1!,Sell,Stop,25,,29837.25,,Cancelled,,2026-08-12 06:59:39,2026-08-12 07:06:04,3396080409,,,
CME_MINI:MNQ1!,Sell,Limit,25,29863.75,,,Cancelled,,2026-08-12 06:46:10,2026-08-12 07:06:04,3396045676,,,
CME_MINI:MNQ1!,Buy,Market,25,,,29823.25,Filled,,2026-08-12 06:46:04,2026-08-12 06:46:04,3396045320,,20x,"74,558.13 USD"
CME_MINI:MNQ1!,Sell,Limit,25,29681,,29681.75,Filled,,2026-08-11 19:58:09,2026-08-11 20:50:11,3394494569,,,
CME_MINI:MNQ1!,Buy,Market,25,,,29665.25,Filled,,2026-08-11 19:56:54,2026-08-11 19:56:54,3394492105,,20x,"74,163.13 USD"
CME_MINI:MNQ1!,Buy,Market,30,,,,Rejected,,2026-08-11 19:56:49,2026-08-11 19:56:49,3394491989,,20x,
CME_MINI:MNQ1!,Buy,Market,50,,,,Rejected,,2026-08-11 19:56:38,2026-08-11 19:56:38,3394491616,,20x,
CME_MINI:MNQ1!,Buy,Market,25,,,29632.5,Filled,,2026-08-11 11:33:55,2026-08-11 11:33:55,3393273744,,20x,"74,081.25 USD"
CME_MINI:MNQ1!,Sell,Market,25,,,29636.5,Filled,,2026-08-11 11:31:50,2026-08-11 11:31:50,3393264726,,20x,"74,091.25 USD"
CME_MINI:MNQ1!,Buy,Limit,25,29808,,29807.75,Filled,,2026-08-11 06:49:58,2026-08-11 08:30:12,3391582859,,,
CME_MINI:MNQ1!,Sell,Market,25,,,29823.5,Filled,,2026-08-11 06:49:52,2026-08-11 06:49:52,3391582540,,20x,"74,558.75 USD"
CME_MINI:MNQ1!,Sell,Market,25,,,29823.25,Filled,,2026-08-10 20:44:10,2026-08-10 20:44:10,3390126968,,20x,"74,558.13 USD"
CME_MINI:MNQ1!,Buy,Market,25,,,29819.25,Filled,,2026-08-10 20:43:49,2026-08-10 20:43:49,3390126201,,20x,"74,548.13 USD"
CME_MINI:MNQ1!,Buy,Limit,25,29537,,29537,Filled,,2026-08-06 17:44:22,2026-08-06 19:16:30,3378006925,,,
CME_MINI:MNQ1!,Sell,Market,25,,,29549.25,Filled,,2026-08-06 17:44:18,2026-08-06 17:44:18,3378006809,,20x,"73,873.13 USD"
CME_MINI:MNQ1!,Sell,Limit,25,29552,,29552,Filled,,2026-08-06 17:39:43,2026-08-06 17:41:17,3377998825,,,
CME_MINI:MNQ1!,Buy,Market,25,,,29538.75,Filled,,2026-08-06 17:39:37,2026-08-06 17:39:37,3377998658,,20x,"73,846.88 USD"
CME_MINI:MNQ1!,Buy,Market,25,,,29489.25,Filled,,2026-08-06 06:32:09,2026-08-06 06:32:09,3375188438,,20x,"73,723.13 USD"
CME_MINI:MNQ1!,Buy,Limit,25,29440.75,,,Cancelled,,2026-08-06 06:30:37,2026-08-06 06:32:09,3375183141,,,
CME_MINI:MNQ1!,Sell,Market,25,,,29475.75,Filled,,2026-08-06 06:30:12,2026-08-06 06:30:12,3375181870,,20x,"73,689.38 USD"
CME_MINI:MNQ1!,Sell,Market,25,,,29460.75,Filled,,2026-08-06 06:29:15,2026-08-06 06:29:15,3375179196,,20x,"73,651.88 USD"
CME_MINI:MNQ1!,Sell,Limit,25,29608.25,,,Cancelled,,2026-08-05 22:03:52,2026-08-06 06:29:15,3373924540,,,
CME_MINI:MNQ1!,Buy,Market,25,,,29602.75,Filled,,2026-08-05 22:03:43,2026-08-05 22:03:43,3373924183,,20x,"74,006.88 USD"
CME_MINI:MNQ1!,Buy,Limit,25,29565.25,,29565,Filled,,2026-08-05 19:09:31,2026-08-05 19:11:16,3373478713,,,
CME_MINI:MNQ1!,Sell,Market,25,,,29591,Filled,,2026-08-05 19:09:24,2026-08-05 19:09:24,3373478379,,20x,"73,977.50 USD"
CME_MINI:MNQ1!,Buy,Limit,25,29954.75,,29953.5,Filled,,2026-08-05 09:19:31,2026-08-05 09:20:06,3371405182,,,
CME_MINI:MNQ1!,Sell,Market,25,,,29993.75,Filled,,2026-08-05 09:19:21,2026-08-05 09:19:21,3371403905,,20x,"74,984.38 USD"
CME_MINI:MNQ1!,Buy,Market,25,,,29988.75,Filled,,2026-08-05 09:06:59,2026-08-05 09:06:59,3371295788,,20x,"74,971.88 USD"
CME_MINI:MNQ1!,Sell,Market,25,,,29965,Filled,,2026-08-05 09:06:50,2026-08-05 09:06:50,3371293913,,20x,"74,912.50 USD"
CME_MINI:MNQ1!,Sell,Stop,25,,29843.25,,Cancelled,,2026-08-05 06:23:29,2026-08-05 06:23:31,3370335990,,,
CME_MINI:MNQ1!,Sell,Limit,25,29921.5,,29922.75,Filled,,2026-08-05 06:21:26,2026-08-05 06:27:13,3370330258,,,
CME_MINI:MNQ1!,Buy,Market,25,,,29901,Filled,,2026-08-05 06:21:11,2026-08-05 06:21:11,3370329620,,20x,"74,752.50 USD"
CME_MINI:MNQ1!,Buy,Limit,25,29840.5,,29840,Filled,,2026-08-04 21:48:28,2026-08-05 03:22:15,3369072434,,,
CME_MINI:MNQ1!,Sell,Market,25,,,29861.5,Filled,,2026-08-04 21:48:09,2026-08-04 21:48:09,3369071574,,20x,"74,653.75 USD"
CME_MINI:MNQ1!,Buy,Market,25,,,29859.5,Filled,,2026-08-04 21:48:04,2026-08-04 21:48:04,3369071311,,20x,"74,648.75 USD"
CME_MINI:MNQ1!,Sell,Market,25,,,29861.75,Filled,,2026-08-04 21:47:57,2026-08-04 21:47:58,3369071022,,20x,"74,654.38 USD"
CME_MINI:MNQ1!,Sell,Stop,25,,29222,,Cancelled,,2026-08-04 08:15:55,2026-08-04 08:16:39,3366140046,,,
CME_MINI:MNQ1!,Sell,Limit,25,29243,,29251,Filled,,2026-08-04 08:14:03,2026-08-04 08:20:44,3366132769,,,
CME_MINI:MNQ1!,Buy,Market,25,,,29233,Filled,,2026-08-04 08:11:33,2026-08-04 08:11:33,3366123218,,20x,"73,082.50 USD"
CME_MINI:MNQ1!,Buy,Market,20,,,29233.5,Filled,,2026-08-04 08:11:12,2026-08-04 08:11:12,3366121577,,20x,"58,467.00 USD"
CME_MINI:MNQ1!,Buy,Limit,20,29172,,,Cancelled,,2026-08-04 07:56:36,2026-08-04 08:11:12,3366055354,,,
CME_MINI:MNQ1!,Buy,Stop,20,,29219.25,,Cancelled,,2026-08-04 07:56:27,2026-08-04 07:58:58,3366054886,,,
CME_MINI:MNQ1!,Sell,Market,20,,,29195,Filled,,2026-08-04 07:53:24,2026-08-04 07:53:24,3366043243,,20x,"58,390.00 USD"
CME_MINI:MNQ1!,Sell,Limit,20,29197,,29197.5,Filled,,2026-08-04 06:26:08,2026-08-04 06:43:47,3365719238,,,