Time,Balance before,Balance after,Realized PnL (value),Realized PnL (currency),Action
2026-08-26 07:03:37,103066.66747200064,103266.66747200064,200,USD,"Close short position for symbol CME_MINI:MNQ1! at price 29203.25 for 25 units. Position AVG Price was 29207.250000, currency: USD, rate: 1.000000, point value: 2.000000"
2026-08-25 09:48:10,102829.16747200064,103066.66747200064,237.5,USD,"Close long position for symbol CME_MINI:MNQ1! at price 29226.75 for 25 units. Position AVG Price was 29222.000000, currency: USD, rate: 1.000000, point value: 2.000000"
2026-08-21 12:26:13,102729.16747200064,102829.16747200064,100,USD,"Close long position for symbol CME_MINI:MNQ1! at price 29386.75 for 25 units. Position AVG Price was 29384.750000, currency: USD, rate: 1.000000, point value: 2.000000"
2026-08-21 04:52:04,98664.16747200064,102729.16747200064,4065,USD,"Close long position for symbol CME_MINI:MNQ1! at price 29489.50 for 30 units. Position AVG Price was 29421.750000, currency: USD, rate: 1.000000, point value: 2.000000"
2026-08-20 08:30:15,98109.16747200064,98664.16747200064,555,USD,"Close long position for symbol CME_MINI:MNQ1! at price 29381.50 for 15 units. Position AVG Price was 29363.000000, currency: USD, rate: 1.000000, point value: 2.000000"
2026-08-20 06:56:22,99144.16747200064,98109.16747200064,-1035,USD,"Close long position for symbol CME_MINI:MNQ1! at price 29361.25 for 15 units. Position AVG Price was 29395.750000, currency: USD, rate: 1.000000, point value: 2.000000"
2026-08-20 06:13:19,98206.66747200064,99144.16747200064,937.5,USD,"Close short position for symbol CME_MINI:MNQ1! at price 29477.00 for 25 units. Position AVG Price was 29495.750000, currency: USD, rate: 1.000000, point value: 2.000000"
2026-08-19 09:04:04,98056.66747200064,98206.66747200064,150,USD,"Close short position for symbol CME_MINI:MNQ1! at price 29461.75 for 25 units. Position AVG Price was 29464.750000, currency: USD, rate: 1.000000, point value: 2.000000"
2026-08-19 09:01:17,97006.66747200064,98056.66747200064,1050,USD,"Close short position for symbol CME_MINI:MNQ1! at price 29479.50 for 25 units. Position AVG Price was 29500.500000, currency: USD, rate: 1.000000, point value: 2.000000"
2026-08-19 07:19:12,96431.66747200064,97006.66747200064,575,USD,"Close long position for symbol CME_MINI:MNQ1! at price 29562.50 for 25 units. Position AVG Price was 29551.000000, currency: USD, rate: 1.000000, point value: 2.000000"
2026-08-18 20:29:31,95794.16747200064,96431.66747200064,637.5,USD,"Close long position for symbol CME_MINI:MNQ1! at price 29600.25 for 25 units. Position AVG Price was 29587.500000, currency: USD, rate: 1.000000, point value: 2.000000"
2026-08-18 08:51:25,94331.66747200064,95794.16747200064,1462.5,USD,"Close short position for symbol CME_MINI:MNQ1! at price 29643.75 for 25 units. Position AVG Price was 29673.000000, currency: USD, rate: 1.000000, point value: 2.000000"
2026-08-18 08:30:44,93694.16747200064,94331.66747200064,637.5,USD,"Close short position for symbol CME_MINI:MNQ1! at price 29705.75 for 25 units. Position AVG Price was 29718.500000, currency: USD, rate: 1.000000, point value: 2.000000"
2026-08-18 07:53:17,96181.66747200064,93694.16747200064,-2487.5,USD,"Close long position for symbol CME_MINI:MNQ1! at price 29717.50 for 25 units. Position AVG Price was 29767.250000, currency: USD, rate: 1.000000, point value: 2.000000"
2026-08-17 21:41:54,95681.66747200064,96181.66747200064,500,USD,"Close short position for symbol CME_MINI:MNQ1! at price 29930.75 for 25 units. Position AVG Price was 29940.750000, currency: USD, rate: 1.000000, point value: 2.000000"
2026-08-17 20:53:20,91831.66747200064,95681.66747200064,3850,USD,"Close short position for symbol CME_MINI:MNQ1! at price 29976.75 for 25 units. Position AVG Price was 30053.750000, currency: USD, rate: 1.000000, point value: 2.000000"
2026-08-14 09:19:31,88769.16747200064,91831.66747200064,3062.5,USD,"Close short position for symbol CME_MINI:MNQ1! at price 30170.00 for 25 units. Position AVG Price was 30231.250000, currency: USD, rate: 1.000000, point value: 2.000000"
2026-08-14 03:05:40,92369.16747200064,88769.16747200064,-3600,USD,"Close short position for symbol CME_MINI:MNQ1! at price 30234.75 for 25 units. Position AVG Price was 30162.750000, currency: USD, rate: 1.000000, point value: 2.000000"
2026-08-13 07:18:19,91344.16747200064,92369.16747200064,1025,USD,"Close short position for symbol CME_MINI:MNQ1! at price 29825.75 for 25 units. Position AVG Price was 29846.250000, currency: USD, rate: 1.000000, point value: 2.000000"
2026-08-12 09:51:23,89219.16747200064,91344.16747200064,2125,USD,"Close short position for symbol CME_MINI:MNQ1! at price 29866.50 for 25 units. Position AVG Price was 29909.000000, currency: USD, rate: 1.000000, point value: 2.000000"
2026-08-12 07:06:04,88431.66747200064,89219.16747200064,787.5,USD,"Close long position for symbol CME_MINI:MNQ1! at price 29839.00 for 25 units. Position AVG Price was 29823.250000, currency: USD, rate: 1.000000, point value: 2.000000"
2026-08-11 20:50:11,87606.66747200064,88431.66747200064,825,USD,"Close long position for symbol CME_MINI:MNQ1! at price 29681.75 for 25 units. Position AVG Price was 29665.250000, currency: USD, rate: 1.000000, point value: 2.000000"
2026-08-11 11:33:55,87406.66747200064,87606.66747200064,200,USD,"Close short position for symbol CME_MINI:MNQ1! at price 29632.50 for 25 units. Position AVG Price was 29636.500000, currency: USD, rate: 1.000000, point value: 2.000000"
2026-08-11 08:30:12,86619.16747200064,87406.66747200064,787.5,USD,"Close short position for symbol CME_MINI:MNQ1! at price 29807.75 for 25 units. Position AVG Price was 29823.500000, currency: USD, rate: 1.000000, point value: 2.000000"
2026-08-10 20:44:10,86419.16747200064,86619.16747200064,200,USD,"Close long position for symbol CME_MINI:MNQ1! at price 29823.25 for 25 units. Position AVG Price was 29819.250000, currency: USD, rate: 1.000000, point value: 2.000000"
2026-08-06 19:16:30,85806.66747200064,86419.16747200064,612.5,USD,"Close short position for symbol CME_MINI:MNQ1! at price 29537.00 for 25 units. Position AVG Price was 29549.250000, currency: USD, rate: 1.000000, point value: 2.000000"
2026-08-06 17:41:17,85144.16747200064,85806.66747200064,662.5,USD,"Close long position for symbol CME_MINI:MNQ1! at price 29552.00 for 25 units. Position AVG Price was 29538.750000, currency: USD, rate: 1.000000, point value: 2.000000"
2026-08-06 06:32:09,85819.16747200064,85144.16747200064,-675,USD,"Close short position for symbol CME_MINI:MNQ1! at price 29489.25 for 25 units. Position AVG Price was 29475.750000, currency: USD, rate: 1.000000, point value: 2.000000"
2026-08-06 06:29:15,92919.16747200064,85819.16747200064,-7100,USD,"Close long position for symbol CME_MINI:MNQ1! at price 29460.75 for 25 units. Position AVG Price was 29602.750000, currency: USD, rate: 1.000000, point value: 2.000000"
2026-08-05 19:11:16,91619.16747200064,92919.16747200064,1300,USD,"Close short position for symbol CME_MINI:MNQ1! at price 29565.00 for 25 units. Position AVG Price was 29591.000000, currency: USD, rate: 1.000000, point value: 2.000000"
2026-08-05 09:20:06,89606.66747200064,91619.16747200064,2012.5,USD,"Close short position for symbol CME_MINI:MNQ1! at price 29953.50 for 25 units. Position AVG Price was 29993.750000, currency: USD, rate: 1.000000, point value: 2.000000"
2026-08-05 09:06:59,90794.16747200064,89606.66747200064,-1187.5,USD,"Close short position for symbol CME_MINI:MNQ1! at price 29988.75 for 25 units. Position AVG Price was 29965.000000, currency: USD, rate: 1.000000, point value: 2.000000"
2026-08-05 06:27:13,89706.66747200064,90794.16747200064,1087.5,USD,"Close long position for symbol CME_MINI:MNQ1! at price 29922.75 for 25 units. Position AVG Price was 29901.000000, currency: USD, rate: 1.000000, point value: 2.000000"
2026-08-05 03:22:15,88631.66747200064,89706.66747200064,1075,USD,"Close short position for symbol CME_MINI:MNQ1! at price 29840.00 for 25 units. Position AVG Price was 29861.500000, currency: USD, rate: 1.000000, point value: 2.000000"
2026-08-04 21:48:04,88519.16747200064,88631.66747200064,112.5,USD,"Close short position for symbol CME_MINI:MNQ1! at price 29859.50 for 25 units. Position AVG Price was 29861.750000, currency: USD, rate: 1.000000, point value: 2.000000"
2026-08-04 08:20:44,87619.16747200064,88519.16747200064,900,USD,"Close long position for symbol CME_MINI:MNQ1! at price 29251.00 for 25 units. Position AVG Price was 29233.000000, currency: USD, rate: 1.000000, point value: 2.000000"
2026-08-04 08:11:12,89159.16747200064,87619.16747200064,-1540,USD,"Close short position for symbol CME_MINI:MNQ1! at price 29233.50 for 20 units. Position AVG Price was 29195.000000, currency: USD, rate: 1.000000, point value: 2.000000"
2026-08-04 06:43:47,87589.16747200064,89159.16747200064,1570,USD,"Close long position for symbol CME_MINI:MNQ1! at price 29197.50 for 20 units. Position AVG Price was 29158.250000, currency: USD, rate: 1.000000, point value: 2.000000"
2026-08-03 15:19:08,87689.16747200064,87589.16747200064,-100,USD,"Close long position for symbol CME_MINI:MNQ1! at price 28926.75 for 20 units. Position AVG Price was 28929.250000, currency: USD, rate: 1.000000, point value: 2.000000"
2026-08-03 15:17:23,87699.16747200064,87689.16747200064,-10,USD,"Close long position for symbol CME_MINI:MNQ1! at price 28926.00 for 20 units. Position AVG Price was 28926.250000, currency: USD, rate: 1.000000, point value: 2.000000"
2026-08-03 08:32:12,81979.16747200064,87699.16747200064,5720,USD,"Close short position for symbol CME_MINI:MNQ1! at price 28316.25 for 20 units. Position AVG Price was 28459.250000, currency: USD, rate: 1.000000, point value: 2.000000"
2026-08-02 19:45:10,81609.16747200064,81979.16747200064,370,USD,"Close short position for symbol CME_MINI:MNQ1! at price 28581.75 for 20 units. Position AVG Price was 28591.000000, currency: USD, rate: 1.000000, point value: 2.000000"
2026-07-31 12:15:36,81029.16747200064,81609.16747200064,580,USD,"Close long position for symbol CME_MINI:MNQ1! at price 28418.25 for 20 units. Position AVG Price was 28403.750000, currency: USD, rate: 1.000000, point value: 2.000000"
2026-07-30 09:31:56,80379.16747200064,81029.16747200064,650,USD,"Close long position for symbol CME_MINI:MNQ1! at price 28241.75 for 25 units. Position AVG Price was 28228.750000, currency: USD, rate: 1.000000, point value: 2.000000"
2026-07-30 09:27:25,77954.16747200064,80379.16747200064,2425,USD,"Close long position for symbol CME_MINI:MNQ1! at price 28194.00 for 25 units. Position AVG Price was 28145.500000, currency: USD, rate: 1.000000, point value: 2.000000"
2026-07-30 09:00:13,109704.16747200064,77954.16747200064,-31750,USD,"Close short position for symbol CME_MINI:MNQ1! at price 28129.75 for 25 units. Position AVG Price was 27494.750000, currency: USD, rate: 1.000000, point value: 2.000000"
2026-07-29 09:41:15,109156.66747200061,109704.16747200064,547.5000000000291,USD,"Close long position for symbol CAPITALCOM:US30 at price 51928.9 for 25 units. Position AVG Price was 51907.000000, currency: USD, rate: 1.000000, point value: 1.000000"
2026-07-29 09:14:17,108419.16747200061,109156.66747200061,737.5,USD,"Close short position for symbol CME_MINI:MNQ1! at price 27639.00 for 25 units. Position AVG Price was 27653.750000, currency: USD, rate: 1.000000, point value: 2.000000"
2026-07-28 21:50:11,111144.16747200061,108419.16747200061,-2725,USD,"Close long position for symbol CME_MINI:MNQ1! at price 27849.00 for 25 units. Position AVG Price was 27903.500000, currency: USD, rate: 1.000000, point value: 2.000000"
2026-07-27 09:06:19,112694.16747200061,111144.16747200061,-1550,USD,"Close long position for symbol CME_MINI:MNQ1! at price 28280.00 for 25 units. Position AVG Price was 28311.000000, currency: USD, rate: 1.000000, point value: 2.000000"